日期,地区,品类,金额,数量
2026-07-01,西南,服饰,14447.65,5
2026-07-01,华东,数码,12950.81,9
2026-07-01,西南,数码,13200.21,3
2026-07-02,华南,食品,13774.78,4
2026-07-02,东北,家电,12199.54,2
2026-07-02,华东,服饰,11191.66,4
2026-07-02,华南,服饰,14091.62,10
2026-07-03,华南,家电,,1
2026-07-03,西南,家电,12803.39,3
2026-07-03,华北,家电,13064.63,7
2026-07-04,华北,图书,11105.52,2
2026-07-04,华东,服饰,13626.76,2
2026-07-04,华南,数码,12133.60,2
2026-07-04,华南,食品,11936.76,4
2026-07-05,华东,家电,14846.09,1
2026-07-05,华北,家电,11701.09,5
2026-07-05,华北,食品,10985.53,3
2026-07-06,西南,家电,11501.22,8
2026-07-06,华南,服饰,13945.82,4
2026-07-06,东北,图书,10598.58,8
2026-07-06,华北,服饰,14685.58,8
2026-07-07,华南,数码,11847.15,1
2026-07-07,东北,服饰,14659.27,7
2026-07-07,华北,图书,14753.95,5
2026-07-08,西南,食品,11364.60,6
2026-07-08,西南,数码,12160.08,2
2026-07-08,华北,数码,13236.52,8
2026-07-08,西南,数码,10434.56,2
2026-07-09,西南,数码,10722.93,1
2026-07-09,华东,图书,11404.65,5
2026-07-09,华北,数码,13108.77,3
2026-07-10,西南,图书,11557.58,10
2026-07-10,华东,服饰,13211.94,2
2026-07-10,东北,图书,10082.14,10
2026-07-10,西南,数码,13668.02,10
2026-07-11,东北,数码,13936.31,3
2026-07-11,华东,图书,12288.11,3
2026-07-11,西南,图书,13131.59,7
2026-07-12,西南,数码,14186.88,2
2026-07-12,华东,图书,10845.40,6
2026-07-12,西南,家电,12772.24,2
2026-07-12,东北,数码,11988.36,6
2026-07-13,华东,数码,10991.93,7
2026-07-13,华北,图书,12808.37,7
2026-07-13,华南,家电,14666.89,1
2026-07-14,西南,食品,11485.94,10
2026-07-14,西南,数码,10244.94,8
2026-07-14,华南,服饰,12742.34,10
2026-07-14,东北,数码,13141.18,10
2026-07-15,华东,图书,11891.07,7
2026-07-15,华南,家电,12452.31,7
2026-07-15,西南,家电,10027.47,3
2026-07-16,华南,家电,14409.48,10
2026-07-16,华南,家电,12263.04,4
2026-07-16,华东,食品,10347.32,10
2026-07-16,华南,服饰,10698.32,4
2026-07-17,华北,图书,14740.45,3
2026-07-17,华南,家电,12110.65,1
2026-07-17,西南,数码,13122.13,9
2026-07-18,东北,服饰,10653.98,8
2026-07-18,西南,家电,10514.58,10
2026-07-18,华北,图书,12203.34,2
2026-07-18,华北,家电,12401.86,10
2026-07-19,华东,服饰,11945.19,3
2026-07-19,华东,食品,,7
2026-07-19,西南,数码,13993.91,1
2026-07-20,华东,食品,14807.92,8
2026-07-20,华东,食品,10504.68,8
2026-07-20,华东,服饰,13038.08,8
2026-07-20,西南,图书,14679.00,6
2026-07-21,华东,家电,10421.93,7
2026-07-21,西南,食品,11330.37,1
2026-07-21,东北,图书,11691.45,1
2026-07-22,东北,服饰,12404.42,6
2026-07-22,华北,食品,12944.70,4
2026-07-22,华东,家电,14697.30,2
2026-07-22,华南,食品,11231.34,8
2026-07-23,东北,食品,11469.39,3
2026-07-23,西南,食品,14283.11,9
2026-07-23,华南,服饰,13896.03,3
2026-07-24,华南,数码,14094.04,4
2026-07-24,华北,家电,11045.68,4
2026-07-24,华东,家电,11270.44,6
2026-07-24,东北,数码,12154.72,4
2026-07-25,东北,家电,12829.97,3
2026-07-25,华南,家电,14424.17,3
2026-07-25,东北,数码,13250.37,3
2026-07-26,华南,图书,11889.10,4
2026-07-26,华北,服饰,13077.54,10
2026-07-26,西南,家电,12092.38,4
2026-07-26,华东,数码,12221.14,2
2026-07-27,华北,食品,14292.63,7
2026-07-27,东北,数码,12282.67,5
2026-07-27,华南,服饰,11400.39,1
2026-07-28,东北,图书,10789.12,2
2026-07-28,,图书,12131.16,4
2026-07-28,东北,家电,10644.56,2
2026-07-28,华东,食品,14501.80,6
2026-07-29,华北,服饰,11898.01,5
2026-07-29,东北,食品,14876.53,9
2026-07-29,华北,数码,11029.13,9
2026-07-30,华东,数码,13214.90,2
2026-07-30,华东,数码,10761.10,10
2026-07-30,西南,食品,13192.10,4
2026-07-30,西南,数码,12963.74,4
2026-07-31,华南,食品,13360.83,7
2026-07-31,华东,家电,13254.23,3
2026-07-31,西南,图书,13079.15,1
2026-08-01,西南,数码,10871.40,2
2026-08-01,华南,服饰,13147.36,6
2026-08-01,东北,图书,12782.04,8
2026-08-01,华东,食品,12033.68,10
2026-08-02,华南,家电,14484.29,3
2026-08-02,华北,数码,13751.29,1
2026-08-02,华南,食品,11291.73,1
2026-08-03,华南,家电,12216.06,6
2026-08-03,东北,家电,12919.38,8
2026-08-03,华北,家电,12201.74,8
2026-08-03,华南,图书,10139.78,4
2026-08-04,华南,家电,14194.31,3
2026-08-04,华北,图书,13302.43,3
2026-08-04,华东,数码,,1
2026-08-05,西南,数码,14265.68,6
2026-08-05,东北,食品,12620.84,8
2026-08-05,华南,食品,13495.52,2
2026-08-05,东北,服饰,11728.12,4
2026-08-06,华南,服饰,11706.25,9
2026-08-06,华北,家电,10020.93,3
2026-08-06,华东,服饰,12148.73,7
2026-08-07,华东,家电,10842.34,4
2026-08-07,东北,家电,13059.10,6
2026-08-07,华东,食品,11214.74,2
2026-08-07,华东,数码,12545.90,4
2026-08-08,西南,服饰,12215.31,5
2026-08-08,华南,食品,10620.39,1
2026-08-08,华北,图书,14213.47,5
2026-08-09,华南,食品,10376.76,8
2026-08-09,华南,家电,13906.32,8
2026-08-09,华东,食品,11430.12,8
2026-08-09,东北,图书,11876.16,6
2026-08-10,东北,数码,10955.73,5
2026-08-10,华南,食品,10997.45,1
2026-08-10,华东,数码,13793.09,9
2026-08-11,华东,数码,14659.98,8
2026-08-11,华北,数码,10191.62,4
2026-08-11,华东,服饰,13707.90,10
2026-08-11,华北,家电,13524.34,2
2026-08-12,西南,家电,14178.55,9
2026-08-12,华东,图书,12696.43,3
2026-08-12,华南,食品,12485.03,5
2026-07-04,华南,数码,12133.60,2
2026-08-13,西南,服饰,12533.12,10
2026-08-13,华东,数码,10381.24,8
2026-08-13,东北,家电,10104.88,2
2026-08-13,西南,图书,12530.60,4
2026-08-14,华南,服饰,14367.29,1
2026-08-14,东北,图书,12409.49,1
2026-08-14,华北,家电,11638.25,1
2026-08-15,华东,服饰,13891.38,4
2026-08-15,华东,食品,14041.26,8
2026-08-15,华南,食品,14179.46,10
2026-08-15,东北,数码,11765.50,10
2026-08-16,西南,家电,11876.19,5
2026-08-16,西南,食品,10051.51,3
2026-08-16,东北,服饰,11329.55,3
2026-08-17,华北,数码,11714.28,10
2026-08-17,华南,家电,12241.76,6
2026-08-17,华东,数码,11403.64,8
2026-08-17,华南,食品,12453.84,2
2026-08-18,华东,家电,,5
2026-08-18,东北,图书,11131.93,5
2026-08-18,西南,服饰,10311.25,7
2026-08-19,东北,数码,13571.58,6
2026-08-19,西南,家电,11709.30,6
2026-08-19,华北,数码,13136.46,4
2026-08-19,华北,家电,14797.38,2
2026-08-20,东北,服饰,11186.63,5
2026-08-20,华北,食品,12259.87,9
2026-08-20,华南,服饰,11013.75,1
2026-08-21,华北,图书,11794.32,6
2026-08-07,华东,食品,11214.74,2
2026-08-21,华南,食品,14391.24,8
2026-08-21,华北,家电,13051.68,10
2026-08-21,华南,家电,13525.24,10
2026-08-22,华南,图书,14584.01,3
2026-08-22,华东,食品,10328.93,7
2026-08-22,华南,食品,14397.69,1
2026-08-23,华东,服饰,13658.18,6
2026-08-23,华北,服饰,11610.78,2
2026-08-23,华南,数码,12584.34,10
2026-08-23,华南,图书,10816.78,10
2026-08-24,华北,家电,13457.39,7
2026-08-24,华北,数码,12050.63,5
2026-08-24,华东,食品,13664.67,7
2026-08-25,西南,服饰,11426.52,2
2026-08-25,华北,家电,11682.00,8
2026-08-25,华南,数码,13992.36,2
2026-08-25,华北,服饰,13814.72,4
2026-08-26,华北,家电,13989.81,7
2026-08-26,华东,服饰,12381.45,1
2026-08-26,东北,家电,14083.17,5
2026-08-27,华东,食品,13716.14,2
2026-08-27,西南,食品,12935.78,10
2026-08-27,华东,家电,12115.74,6
2026-08-27,东北,食品,12812.66,6
2026-08-28,华东,数码,10263.19,1
2026-08-28,华北,家电,10096.91,3
2026-08-28,西南,图书,12005.19,7
2026-08-29,西南,服饰,14396.00,8
2026-08-29,西南,数码,14561.08,2
2026-08-29,华南,图书,14044.72,8
2026-08-29,华东,食品,11521.80,2
2026-08-30,东北,家电,11298.17,3
2026-08-30,华南,服饰,10223.73,5
2026-08-30,华南,家电,13723.21,9
2026-08-31,东北,数码,10715.38,6
2026-08-31,华南,服饰,10587.50,4
2026-08-31,华北,家电,10442.02,2
2026-08-31,华南,家电,10325.82,6
